{"cameraMode":{"drawMode":0,"name":"Shaded","section":"Shading Mode"},"sceneLighting":true,"audioPlay":false,"sceneViewState":{"m_AlwaysRefresh":false,"showFog":true,"showSkybox":true,"showFlares":true,"showImageEffects":true,"showParticleSystems":true,"showVisualEffectGraphs":true,"m_FxEnabled":true},"in2DMode":false,"pivot":{"x":-3.843477249145508,"y":2.4715657234191896,"z":3.326824188232422},"rotation":{"x":-0.08222197741270066,"y":0.8544162511825562,"z":-0.14254409074783326,"w":-0.49284231662750246},"size":10.386645317077637,"orthographic":false}